timestamp_from,region,carbon_intensity_g_per_kwh,source
2026-09-27T23:00Z,UK,106.00,NESO/UK Carbon Intensity API (forecast)
2026-09-27T23:30Z,UK,113.00,NESO/UK Carbon Intensity API (forecast)
2026-09-28T00:00Z,UK,127.00,NESO/UK Carbon Intensity API (forecast)
2026-09-28T00:30Z,UK,134.00,NESO/UK Carbon Intensity API (forecast)
2026-09-28T01:00Z,UK,134.00,NESO/UK Carbon Intensity API (forecast)
2026-09-28T01:30Z,UK,145.00,NESO/UK Carbon Intensity API (forecast)
2026-09-28T02:00Z,UK,144.00,NESO/UK Carbon Intensity API (forecast)
2026-09-28T02:30Z,UK,157.00,NESO/UK Carbon Intensity API (forecast)
2026-09-28T03:00Z,UK,155.00,NESO/UK Carbon Intensity API (forecast)
2026-09-28T03:30Z,UK,159.00,NESO/UK Carbon Intensity API (forecast)
2026-09-28T04:00Z,UK,162.00,NESO/UK Carbon Intensity API (forecast)
2026-09-28T04:30Z,UK,172.00,NESO/UK Carbon Intensity API (forecast)
2026-09-28T05:00Z,UK,177.00,NESO/UK Carbon Intensity API (forecast)
2026-09-28T05:30Z,UK,183.00,NESO/UK Carbon Intensity API (forecast)
2026-09-28T06:00Z,UK,170.00,NESO/UK Carbon Intensity API (forecast)
2026-09-28T06:30Z,UK,137.00,NESO/UK Carbon Intensity API (forecast)
2026-09-28T07:00Z,UK,56.00,NESO/UK Carbon Intensity API (forecast)
2026-09-28T07:30Z,UK,112.00,NESO/UK Carbon Intensity API (forecast)
2026-09-28T08:00Z,UK,117.00,NESO/UK Carbon Intensity API (forecast)
2026-09-28T08:30Z,UK,114.00,NESO/UK Carbon Intensity API (forecast)
2026-09-28T09:00Z,UK,113.00,NESO/UK Carbon Intensity API (forecast)
2026-09-28T09:30Z,UK,109.00,NESO/UK Carbon Intensity API (forecast)
2026-09-28T10:00Z,UK,160.00,NESO/UK Carbon Intensity API (forecast)
2026-09-28T10:30Z,UK,155.00,NESO/UK Carbon Intensity API (forecast)
2026-09-28T11:00Z,UK,142.00,NESO/UK Carbon Intensity API (forecast)
2026-09-28T11:30Z,UK,136.00,NESO/UK Carbon Intensity API (forecast)
2026-09-28T12:00Z,UK,138.00,NESO/UK Carbon Intensity API (forecast)
2026-09-28T12:30Z,UK,145.00,NESO/UK Carbon Intensity API (forecast)
2026-09-28T13:00Z,UK,148.00,NESO/UK Carbon Intensity API (forecast)
2026-09-28T13:30Z,UK,159.00,NESO/UK Carbon Intensity API (forecast)
2026-09-28T14:00Z,UK,171.00,NESO/UK Carbon Intensity API (forecast)
2026-09-28T14:30Z,UK,183.00,NESO/UK Carbon Intensity API (forecast)
2026-09-28T15:00Z,UK,196.00,NESO/UK Carbon Intensity API (forecast)
2026-09-28T15:30Z,UK,205.00,NESO/UK Carbon Intensity API (forecast)
2026-09-28T16:00Z,UK,213.00,NESO/UK Carbon Intensity API (forecast)
2026-09-28T16:30Z,UK,222.00,NESO/UK Carbon Intensity API (forecast)
2026-09-28T17:00Z,UK,227.00,NESO/UK Carbon Intensity API (forecast)
2026-09-28T17:30Z,UK,228.00,NESO/UK Carbon Intensity API (forecast)
2026-09-28T18:00Z,UK,226.00,NESO/UK Carbon Intensity API (forecast)
2026-09-28T18:30Z,UK,221.00,NESO/UK Carbon Intensity API (forecast)
2026-09-28T19:00Z,UK,216.00,NESO/UK Carbon Intensity API (forecast)
2026-09-28T19:30Z,UK,208.00,NESO/UK Carbon Intensity API (forecast)
2026-09-28T20:00Z,UK,202.00,NESO/UK Carbon Intensity API (forecast)
2026-09-28T20:30Z,UK,189.00,NESO/UK Carbon Intensity API (forecast)
2026-09-28T21:00Z,UK,171.00,NESO/UK Carbon Intensity API (forecast)
2026-09-28T21:30Z,UK,153.00,NESO/UK Carbon Intensity API (forecast)
2026-09-28T22:00Z,UK,139.00,NESO/UK Carbon Intensity API (forecast)
2026-09-28T22:30Z,UK,129.00,NESO/UK Carbon Intensity API (forecast)
